State,County,Population
Alabama,Autauga,58877
Alabama,Baldwin,233140
Alabama,Barbour,25180
Alabama,Bibb,22223
Alabama,Blount,59081
Alabama,Bullock,10309
Alabama,Butler,19045
Alabama,Calhoun,116266
Alabama,Chambers,34678
Alabama,Cherokee,24958
Alabama,Chilton,45024
Alabama,Choctaw,12619
Alabama,Clarke,22995
Alabama,Clay,14193
Alabama,Cleburne,15035
Alabama,Coffee,53565
Alabama,Colbert,57236
Alabama,Conecuh,11552
Alabama,Coosa,10383
Alabama,Covington,37469
Alabama,Crenshaw,13157
Alabama,Cullman,88044
Alabama,Dale,49214
Alabama,Dallas,38190
Alabama,DeKalb,71630
Alabama,Elmore,88116
Alabama,Escambia,36665
Alabama,Etowah,103393
Alabama,Fayette,16307
Alabama,Franklin,32063
Alabama,Geneva,26675
Alabama,Greene,7704
Alabama,Hale,14792
Alabama,Henry,17167
Alabama,Houston,107190
Alabama,Jackson,52519
Alabama,Jefferson,673341
Alabama,Lamar,13943
Alabama,Lauderdale,93610
Alabama,Lawrence,33063
Alabama,Lee,174601
Alabama,Limestone,104322
Alabama,Lowndes,10297
Alabama,Macon,19476
Alabama,Madison,389696
Alabama,Marengo,19264
Alabama,Marion,29287
Alabama,Marshall,97608
Alabama,Mobile,414250
Alabama,Monroe,19723
Alabama,Montgomery,228448
Alabama,Morgan,123336
Alabama,Perry,8452
Alabama,Pickens,19062
Alabama,Pike,32981
Alabama,Randolph,21971
Alabama,Russell,59226
Alabama,St. Clair,91333
Alabama,Shelby,223708
Alabama,Sumter,12295
Alabama,Talladega,82069
Alabama,Tallapoosa,41229
Alabama,Tuscaloosa,227153
Alabama,Walker,65100
Alabama,Washington,15296
Alabama,Wilcox,10518
Alabama,Winston,23491
Alaska,Aleutians East Borough,3418
Alaska,Aleutians West Census Area,5206
Alaska,Anchorage Municipality,290637
Alaska,Bethel Census Area,18648
Alaska,Bristol Bay Borough,831
Alaska,Chugach Census Area,7073
Alaska,Copper River Census Area,2616
Alaska,Denali Borough,1611
Alaska,Dillingham Census Area,4839
Alaska,Fairbanks North Star Borough,95286
Alaska,Haines Borough,2085
Alaska,Hoonah-Angoon Census Area,2361
Alaska,Juneau City and Borough,32195
Alaska,Kenai Peninsula Borough,58893
Alaska,Ketchikan Gateway Borough,13902
Alaska,Kodiak Island Borough,13023
Alaska,Kusilvak Census Area,8357
Alaska,Lake and Peninsula Borough,1454
Alaska,Matanuska-Susitna Borough,107460
Alaska,Nome Census Area,10032
Alaska,North Slope Borough,10993
Alaska,Northwest Arctic Borough,7784
Alaska,Petersburg Borough,3401
Alaska,Prince of Wales-Hyder Census Area,5725
Alaska,Sitka City and Borough,8428
Alaska,Skagway Municipality,1239
Alaska,Southeast Fairbanks Census Area,6831
Alaska,Wrangell City and Borough,2130
Alaska,Yakutat City and Borough,683
Alaska,Yukon-Koyukuk Census Area,5300
Arizona,Apache,65897
Arizona,Cochise,125398
Arizona,Coconino,145116
Arizona,Gila,53306
Arizona,Graham,38614
Arizona,Greenlee,9522
Arizona,La Paz,16580
Arizona,Maricopa,4438342
Arizona,Mohave,214070
Arizona,Navajo,106802
Arizona,Pima,1045599
Arizona,Pinal,429583
Arizona,Santa Cruz,47653
Arizona,Yavapai,237067
Arizona,Yuma,204437
Arkansas,Ashley,18960
Arkansas,Baxter,41655
Arkansas,Benton,286353
Arkansas,Boone,37352
Arkansas,Bradley,10498
Arkansas,Calhoun,4725
Arkansas,Carroll,28202
Arkansas,Chicot,10143
Arkansas,Clark,21362
Arkansas,Clay,14508
Arkansas,Cleburne,24665
Arkansas,Cleveland,7544
Arkansas,Columbia,22741
Arkansas,Conway,20729
Arkansas,Craighead,111576
Arkansas,Crawford,60107
Arkansas,Crittenden,48067
Arkansas,Cross,16762
Arkansas,Dallas,6445
Arkansas,Desha,11330
Arkansas,Drew,17309
Arkansas,Faulkner,123666
Arkansas,Franklin,17122
Arkansas,Fulton,12033
Arkansas,Garland,100162
Arkansas,Grant,17975
Arkansas,Greene,45818
Arkansas,Hempstead,19993
Arkansas,Hot Spring,33034
Arkansas,Howard,12755
Arkansas,Independence,37892
Arkansas,Izard,13576
Arkansas,Jackson,16737
Arkansas,Jefferson,66811
Arkansas,Johnson,25692
Arkansas,Lafayette,6294
Arkansas,Lawrence,16196
Arkansas,Lee,8529
Arkansas,Lincoln,12879
Arkansas,Little River,11971
Arkansas,Logan,21097
Arkansas,Lonoke,74042
Arkansas,Madison,16551
Arkansas,Marion,16862
Arkansas,Miller,42570
Arkansas,Mississippi,40503
Arkansas,Monroe,6765
Arkansas,Montgomery,8459
Arkansas,Nevada,8284
Arkansas,Newton,7198
Arkansas,Ouachita,22592
Arkansas,Perry,9997
Arkansas,Phillips,16445
Arkansas,Pike,10165
Arkansas,Poinsett,22893
Arkansas,Polk,19182
Arkansas,Pope,63346
Arkansas,Prairie,8248
Arkansas,Pulaski,399073
Arkansas,Randolph,18581
Arkansas,St. Francis,23046
Arkansas,Saline,123681
Arkansas,Scott,9811
Arkansas,Searcy,7827
Arkansas,Sebastian,127739
Arkansas,Sevier,15778
Arkansas,Sharp,17282
Arkansas,Stone,12364
Arkansas,Union,38925
Arkansas,Van Buren,15765
Arkansas,Washington,246662
Arkansas,White,76810
Arkansas,Woodruff,6200
Arkansas,Yell,20216
California,Alameda,1679844
California,Alpine,1198
California,Amador,40541
California,Butte,210083
California,Calaveras,45327
California,Colusa,21853
California,Contra Costa,1165562
California,Del Norte,27709
California,El Dorado,191114
California,Fresno,1008966
California,Glenn,28893
California,Humboldt,136351
California,Imperial,179489
California,Inyo,19023
California,Kern,909997
California,Kings,152627
California,Lake,68174
California,Lassen,32719
California,Los Angeles,9989165
California,Madera,156620
California,Marin,261776
California,Mariposa,17124
California,Mendocino,91354
California,Merced,281726
California,Modoc,8658
California,Mono,13206
California,Monterey,438500
California,Napa,137608
California,Nevada,102199
California,Orange,3184101
California,Placer,405741
California,Plumas,19769
California,Riverside,2422764
California,Sacramento,1586241
California,San Benito,64507
California,San Bernardino,2182740
California,San Diego,3297252
California,San Francisco,870014
California,San Joaquin,780517
California,San Luis Obispo,282231
California,San Mateo,762453
California,Santa Barbara,448096
California,Santa Clara,1930598
California,Santa Cruz,270353
California,Shasta,181893
California,Sierra,3228
California,Siskiyou,43962
California,Solano,453274
California,Sonoma,488345
California,Stanislaus,552710
California,Sutter,99480
California,Tehama,65615
California,Trinity,16088
California,Tulare,473736
California,Tuolumne,55516
California,Ventura,842921
California,Yolo,216255
California,Yuba,81932
Colorado,Adams,520163
Colorado,Alamosa,16362
Colorado,Arapahoe,655112
Colorado,Archuleta,13424
Colorado,Baca,3486
Colorado,Bent,5635
Colorado,Boulder,330811
Colorado,Broomfield,74513
Colorado,Chaffee,19571
Colorado,Cheyenne,1736
Colorado,Clear Creek,9404
Colorado,Conejos,7464
Colorado,Costilla,3506
Colorado,Crowley,5893
Colorado,Custer,4712
Colorado,Delta,31232
Colorado,Denver,717630
Colorado,Dolores,2338
Colorado,Douglas,360102
Colorado,Eagle,55665
Colorado,Elbert,26206
Colorado,El Paso,731847
Colorado,Fremont,48981
Colorado,Garfield,61776
Colorado,Gilpin,5810
Colorado,Grand,15733
Colorado,Gunnison,16945
Colorado,Hinsdale,794
Colorado,Huerfano,6810
Colorado,Jackson,1376
Colorado,Jefferson,582928
Colorado,Kiowa,1452
Colorado,Kit Carson,7064
Colorado,Lake,7409
Colorado,La Plata,55642
Colorado,Larimer,359686
Colorado,Las Animas,14564
Colorado,Lincoln,5669
Colorado,Logan,21495
Colorado,Mesa,155939
Colorado,Mineral,867
Colorado,Moffat,13267
Colorado,Montezuma,25858
Colorado,Montrose,42798
Colorado,Morgan,29065
Colorado,Otero,18667
Colorado,Ouray,4869
Colorado,Park,17421
Colorado,Phillips,4534
Colorado,Pitkin,17342
Colorado,Prowers,11986
Colorado,Pueblo,168467
Colorado,Rio Blanco,6518
Colorado,Rio Grande,11538
Colorado,Routt,24839
Colorado,Saguache,6383
Colorado,San Juan,710
Colorado,San Miguel,8055
Colorado,Sedgwick,2390
Colorado,Summit,30971
Colorado,Teller,24726
Colorado,Washington,4815
Colorado,Weld,331358
Colorado,Yuma,9979
Connecticut,Fairfield,955895
Connecticut,Hartford,897932
Connecticut,Litchfield,184874
Connecticut,Middlesex,163923
Connecticut,New Haven,863498
Connecticut,New London,268248
Connecticut,Tolland,149650
Connecticut,Windham,116240
Delaware,Kent,182256
Delaware,New Castle,570718
Delaware,Sussex,238912
Florida,Alachua,278684
Florida,Baker,28309
Florida,Bay,174461
Florida,Bradford,28364
Florida,Brevard,608007
Florida,Broward,1941516
Florida,Calhoun,13615
Florida,Charlotte,187960
Florida,Citrus,154403
Florida,Clay,218797
Florida,Collier,377079
Florida,Columbia,69889
Florida,DeSoto,34080
Florida,Dixie,16805
Florida,Duval,996373
Florida,Escambia,322424
Florida,Flagler,115968
Florida,Franklin,12456
Florida,Gadsden,43701
Florida,Gilchrist,17928
Florida,Glades,12179
Florida,Gulf,14181
Florida,Hamilton,13988
Florida,Hardee,25313
Florida,Hendry,39707
Florida,Hernando,195508
Florida,Highlands,101222
Florida,Hillsborough,1463380
Florida,Holmes,19622
Florida,Indian River,160345
Florida,Jackson,47214
Florida,Jefferson,14560
Florida,Lafayette,8252
Florida,Lake,385875
Florida,Lee,764679
Florida,Leon,292378
Florida,Levy,43051
Florida,Liberty,7974
Florida,Madison,17976
Florida,Manatee,401443
Florida,Marion,377370
Florida,Martin,158529
Florida,Miami-Dade,2692459
Florida,Monroe,82809
Florida,Nassau,90993
Florida,Okaloosa,211809
Florida,Okeechobee,39641
Florida,Orange,1429899
Florida,Osceola,390855
Florida,Palm Beach,1492466
Florida,Pasco,565745
Florida,Pinellas,958752
Florida,Polk,729233
Florida,Putnam,73347
Florida,St. Johns,276916
Florida,St. Lucie,331275
Florida,Santa Rosa,189133
Florida,Sarasota,435664
Florida,Seminole,471058
Florida,Sumter,130897
Florida,Suwannee,43510
Florida,Taylor,21760
Florida,Union,16126
Florida,Volusia,554901
Florida,Wakulla,33907
Florida,Walton,75855
Florida,Washington,25357
Georgia,Appling,18428
Georgia,Atkinson,8301
Georgia,Bacon,11123
Georgia,Baker,2844
Georgia,Baldwin,43773
Georgia,Banks,18069
Georgia,Barrow,83963
Georgia,Bartow,109311
Georgia,Ben Hill,17153
Georgia,Berrien,18159
Georgia,Bibb,157104
Georgia,Bleckley,12577
Georgia,Brantley,18040
Georgia,Brooks,16232
Georgia,Bryan,44999
Georgia,Bulloch,81378
Georgia,Burke,24621
Georgia,Butts,25542
Georgia,Calhoun,5560
Georgia,Camden,54911
Georgia,Candler,11001
Georgia,Carroll,119463
Georgia,Catoosa,67976
Georgia,Charlton,12530
Georgia,Chatham,294904
Georgia,Chattahoochee,9482
Georgia,Chattooga,24921
Georgia,Cherokee,268043
Georgia,Clarke,128489
Georgia,Clay,2835
Georgia,Clayton,297417
Georgia,Clinch,6723
Georgia,Cobb,766209
Georgia,Coffee,43047
Georgia,Colquitt,45866
Georgia,Columbia,156773
Georgia,Cook,17232
Georgia,Coweta,146653
Georgia,Crawford,12100
Georgia,Crisp,20042
Georgia,Dade,16224
Georgia,Dawson,27047
Georgia,Decatur,29338
Georgia,DeKalb,763831
Georgia,Dodge,19849
Georgia,Dooly,11142
Georgia,Dougherty,85366
Georgia,Douglas,144497
Georgia,Early,10813
Georgia,Echols,3696
Georgia,Effingham,65150
Georgia,Elbert,19627
Georgia,Emanuel,22730
Georgia,Evans,10757
Georgia,Fannin,25396
Georgia,Fayette,119441
Georgia,Floyd,98593
Georgia,Forsyth,252786
Georgia,Franklin,23429
Georgia,Fulton,1069023
Georgia,Gilmer,31429
Georgia,Glascock,2883
Georgia,Glynn,84470
Georgia,Gordon,57696
Georgia,Grady,26221
Georgia,Greene,19025
Georgia,Gwinnett,957801
Georgia,Habersham,46105
Georgia,Hall,203589
Georgia,Hancock,8722
Georgia,Haralson,29985
Georgia,Harris,34927
Georgia,Hart,25866
Georgia,Heard,11465
Georgia,Henry,241818
Georgia,Houston,164242
Georgia,Irwin,9643
Georgia,Jackson,76712
Georgia,Jasper,14638
Georgia,Jeff Davis,14777
Georgia,Jefferson,15658
Georgia,Jenkins,8662
Georgia,Johnson,9168
Georgia,Jones,28356
Georgia,Lamar,18550
Georgia,Lanier,9916
Georgia,Laurens,49497
Georgia,Lee,33179
Georgia,Liberty,65220
Georgia,Lincoln,7704
Georgia,Long,16287
Georgia,Lowndes,118316
Georgia,Lumpkin,33596
Georgia,McDuffie,21587
Georgia,McIntosh,10982
Georgia,Macon,12021
Georgia,Madison,30263
Georgia,Marion,7520
Georgia,Meriwether,20619
Georgia,Miller,5987
Georgia,Mitchell,21677
Georgia,Monroe,28046
Georgia,Montgomery,8577
Georgia,Morgan,20174
Georgia,Murray,39938
Georgia,Muscogee,206960
Georgia,Newton,112780
Georgia,Oconee,42021
Georgia,Oglethorpe,14865
Georgia,Paulding,169660
Georgia,Peach,28035
Georgia,Pickens,33333
Georgia,Pierce,19722
Georgia,Pike,18935
Georgia,Polk,42925
Georgia,Pulaski,9863
Georgia,Putnam,22140
Georgia,Quitman,2224
Georgia,Rabun,16894
Georgia,Randolph,6377
Georgia,Richmond,206328
Georgia,Rockdale,93614
Georgia,Schley,4538
Georgia,Screven,14060
Georgia,Seminole,9138
Georgia,Spalding,67413
Georgia,Stephens,26800
Georgia,Stewart,5295
Georgia,Sumter,29553
Georgia,Talbot,5731
Georgia,Taliaferro,1557
Georgia,Tattnall,22852
Georgia,Taylor,7814
Georgia,Telfair,12461
Georgia,Terrell,9153
Georgia,Thomas,45766
Georgia,Tift,41348
Georgia,Toombs,27052
Georgia,Towns,12539
Georgia,Treutlen,6390
Georgia,Troup,69388
Georgia,Turner,8971
Georgia,Twiggs,7986
Georgia,Union,24766
Georgia,Upson,27712
Georgia,Walker,67711
Georgia,Walton,97135
Georgia,Ware,36218
Georgia,Warren,5205
Georgia,Washington,19927
Georgia,Wayne,30155
Georgia,Webster,2350
Georgia,Wheeler,7430
Georgia,White,28090
Georgia,Whitfield,102727
Georgia,Wilcox,8731
Georgia,Wilkes,9556
Georgia,Wilkinson,8844
Georgia,Worth,20719
Hawaii,Honolulu,1013227
Hawaii,Kalawao,82
Hawaii,Kauai,73201
Hawaii,Maui,164655
Idaho,Ada,497984
Idaho,Adams,4424
Idaho,Bannock,87177
Idaho,Bear Lake,6370
Idaho,Benewah,9576
Idaho,Bingham,48068
Idaho,Blaine,24327
Idaho,Boise,7647
Idaho,Bonner,47390
Idaho,Bonneville,124626
Idaho,Boundary,12113
Idaho,Butte,2577
Idaho,Camas,1089
Idaho,Canyon,232714
Idaho,Caribou,7015
Idaho,Cassia,24699
Idaho,Clark,792
Idaho,Clearwater,8750
Idaho,Custer,4266
Idaho,Elmore,28668
Idaho,Franklin,14269
Idaho,Fremont,13404
Idaho,Gem,19258
Idaho,Gooding,15643
Idaho,Jefferson,31055
Idaho,Jerome,24222
Idaho,Kootenai,172646
Idaho,Latah,39611
Idaho,Lemhi,7948
Idaho,Lewis,3531
Idaho,Lincoln,5133
Idaho,Madison,52876
Idaho,Minidoka,21674
Idaho,Nez Perce,42088
Idaho,Oneida,4554
Idaho,Owyhee,11978
Idaho,Payette,25589
Idaho,Power,7879
Idaho,Shoshone,13189
Idaho,Teton,11731
Idaho,Twin Falls,90279
Idaho,Valley,11838
Idaho,Washington,10544
Illinois,Adams,65530
Illinois,Alexander,5168
Illinois,Bond,16663
Illinois,Boone,53326
Illinois,Brown,6217
Illinois,Bureau,33118
Illinois,Calhoun,4411
Illinois,Carroll,15664
Illinois,Cass,12956
Illinois,Champaign,205469
Illinois,Christian,33900
Illinois,Clark,15407
Illinois,Clay,13267
Illinois,Clinton,36896
Illinois,Coles,46737
Illinois,Cook,5262741
Illinois,Crawford,18639
Illinois,Cumberland,10428
Illinois,DeKalb,100233
Illinois,De Witt,15441
Illinois,Douglas,19742
Illinois,DuPage,931153
Illinois,Edgar,16755
Illinois,Edwards,6205
Illinois,Effingham,34614
Illinois,Fayette,21460
Illinois,Ford,13533
Illinois,Franklin,37636
Illinois,Fulton,33440
Illinois,Gallatin,4947
Illinois,Greene,11915
Illinois,Grundy,52514
Illinois,Hamilton,7977
Illinois,Hancock,17552
Illinois,Hardin,3634
Illinois,Henderson,6339
Illinois,Henry,49138
Illinois,Iroquois,26984
Illinois,Jackson,52896
Illinois,Jasper,9247
Illinois,Jefferson,37029
Illinois,Jersey,21444
Illinois,Jo Daviess,22035
Illinois,Johnson,13307
Illinois,Kane,516155
Illinois,Kankakee,107236
Illinois,Kendall,132291
Illinois,Knox,49736
Illinois,Lake,713217
Illinois,LaSalle,109359
Illinois,Lawrence,15234
Illinois,Lee,34021
Illinois,Livingston,35752
Illinois,Logan,27879
Illinois,McDonough,27079
Illinois,McHenry,309770
Illinois,McLean,170870
Illinois,Macon,103647
Illinois,Macoupin,44810
Illinois,Madison,265498
Illinois,Marion,37613
Illinois,Marshall,11691
Illinois,Mason,13026
Illinois,Massac,14125
Illinois,Menard,12265
Illinois,Mercer,15633
Illinois,Monroe,34898
Illinois,Montgomery,28157
Illinois,Morgan,32798
Illinois,Moultrie,14486
Illinois,Ogle,51678
Illinois,Peoria,181225
Illinois,Perry,20880
Illinois,Piatt,16654
Illinois,Pike,14633
Illinois,Pope,3744
Illinois,Pulaski,5161
Illinois,Putnam,5635
Illinois,Randolph,30055
Illinois,Richland,15803
Illinois,Rock Island,144267
Illinois,St. Clair,256789
Illinois,Saline,23634
Illinois,Sangamon,196012
Illinois,Schuyler,6875
Illinois,Scott,4927
Illinois,Shelby,20900
Illinois,Stark,5391
Illinois,Stephenson,44457
Illinois,Tazewell,131018
Illinois,Union,17179
Illinois,Vermilion,73883
Illinois,Wabash,11316
Illinois,Warren,16777
Illinois,Washington,13711
Illinois,Wayne,16121
Illinois,White,13808
Illinois,Whiteside,55509
Illinois,Will,695903
Illinois,Williamson,67094
Illinois,Winnebago,284858
Illinois,Woodford,38395
Indiana,Adams,35826
Indiana,Allen,385892
Indiana,Bartholomew,82157
Indiana,Benton,8712
Indiana,Blackford,12098
Indiana,Boone,71169
Indiana,Brown,15470
Indiana,Carroll,20307
Indiana,Cass,37771
Indiana,Clark,121282
Indiana,Clay,26432
Indiana,Clinton,33151
Indiana,Crawford,10540
Indiana,Daviess,33391
Indiana,Dearborn,50726
Indiana,Decatur,26477
Indiana,DeKalb,43274
Indiana,Delaware,111669
Indiana,Dubois,43604
Indiana,Elkhart,206842
Indiana,Fayette,23333
Indiana,Floyd,80437
Indiana,Fountain,16470
Indiana,Franklin,22767
Indiana,Fulton,20434
Indiana,Gibson,33021
Indiana,Grant,66446
Indiana,Greene,30790
Indiana,Hamilton,348868
Indiana,Hancock,80156
Indiana,Harrison,39652
Indiana,Hendricks,175528
Indiana,Henry,48885
Indiana,Howard,83619
Indiana,Huntington,36599
Indiana,Jackson,46373
Indiana,Jasper,32906
Indiana,Jay,20456
Indiana,Jefferson,33075
Indiana,Jennings,27564
Indiana,Johnson,162180
Indiana,Knox,36244
Indiana,Kosciusko,80050
Indiana,LaGrange,40515
Indiana,Lake,498597
Indiana,LaPorte,112222
Indiana,Lawrence,45022
Indiana,Madison,130065
Indiana,Marion,976770
Indiana,Marshall,46018
Indiana,Martin,9786
Indiana,Miami,35924
Indiana,Monroe,139517
Indiana,Montgomery,37932
Indiana,Morgan,71802
Indiana,Newton,13796
Indiana,Noble,47379
Indiana,Ohio,5930
Indiana,Orange,19839
Indiana,Owen,21298
Indiana,Parke,16154
Indiana,Perry,19150
Indiana,Pike,12233
Indiana,Porter,173256
Indiana,Posey,25161
Indiana,Pulaski,12488
Indiana,Putnam,36666
Indiana,Randolph,24375
Indiana,Ripley,28980
Indiana,Rush,16744
Indiana,St. Joseph,272549
Indiana,Scott,24336
Indiana,Shelby,45026
Indiana,Spencer,19820
Indiana,Starke,23356
Indiana,Steuben,34440
Indiana,Sullivan,20803
Indiana,Switzerland,9724
Indiana,Tippecanoe,186247
Indiana,Tipton,15365
Indiana,Union,7090
Indiana,Vanderburgh,180158
Indiana,Vermillion,15388
Indiana,Vigo,106007
Indiana,Wabash,30888
Indiana,Warren,8413
Indiana,Warrick,63966
Indiana,Washington,28220
Indiana,Wayne,66455
Indiana,Wells,28179
Indiana,White,24636
Indiana,Whitley,34316
Iowa,Adair,7477
Iowa,Adams,3697
Iowa,Allamakee,14067
Iowa,Appanoose,12282
Iowa,Audubon,5671
Iowa,Benton,25536
Iowa,Black Hawk,130980
Iowa,Boone,26691
Iowa,Bremer,24974
Iowa,Buchanan,20586
Iowa,Buena Vista,20776
Iowa,Butler,14311
Iowa,Calhoun,9886
Iowa,Carroll,20702
Iowa,Cass,13104
Iowa,Cedar,18495
Iowa,Cerro Gordo,42965
Iowa,Cherokee,11632
Iowa,Chickasaw,11970
Iowa,Clarke,9726
Iowa,Clay,16333
Iowa,Clayton,16996
Iowa,Clinton,46418
Iowa,Crawford,16453
Iowa,Dallas,100486
Iowa,Davis,9109
Iowa,Decatur,7610
Iowa,Delaware,17458
Iowa,Des Moines,38831
Iowa,Dickinson,17747
Iowa,Dubuque,99229
Iowa,Emmet,9332
Iowa,Fayette,19399
Iowa,Floyd,15552
Iowa,Franklin,9983
Iowa,Fremont,6560
Iowa,Greene,8746
Iowa,Grundy,12312
Iowa,Guthrie,10612
Iowa,Hamilton,15020
Iowa,Hancock,10757
Iowa,Hardin,16821
Iowa,Harrison,14546
Iowa,Henry,20412
Iowa,Howard,9487
Iowa,Humboldt,9595
Iowa,Ida,7007
Iowa,Jackson,19437
Iowa,Jasper,37802
Iowa,Jefferson,15659
Iowa,Johnson,152984
Iowa,Jones,20647
Iowa,Keokuk,9995
Iowa,Kossuth,14786
Iowa,Lee,33512
Iowa,Linn,230263
Iowa,Louisa,10806
Iowa,Lucas,8615
Iowa,Lyon,11917
Iowa,Madison,16626
Iowa,Mahaska,22148
Iowa,Marion,33377
Iowa,Marshall,40059
Iowa,Mills,14405
Iowa,Mitchell,10582
Iowa,Monona,8742
Iowa,Monroe,7582
Iowa,Montgomery,10335
Iowa,Muscatine,43113
Iowa,O'Brien,14154
Iowa,Osceola,6189
Iowa,Page,15180
Iowa,Palo Alto,8961
Iowa,Plymouth,25681
Iowa,Pocahontas,7075
Iowa,Polk,492769
Iowa,Pottawattamie,93560
Iowa,Poweshiek,18643
Iowa,Ringgold,4639
Iowa,Sac,9791
Iowa,Scott,174488
Iowa,Shelby,11699
Iowa,Sioux,35869
Iowa,Story,98615
Iowa,Tama,17072
Iowa,Taylor,5861
Iowa,Union,12097
Iowa,Van Buren,7204
Iowa,Wapello,35341
Iowa,Warren,52548
Iowa,Washington,22511
Iowa,Wayne,6509
Iowa,Webster,36954
Iowa,Winnebago,10650
Iowa,Winneshiek,20031
Iowa,Woodbury,105829
Iowa,Worth,7425
Iowa,Wright,12914
Kansas,Allen,12537
Kansas,Anderson,7850
Kansas,Atchison,16305
Kansas,Barber,4198
Kansas,Barton,25419
Kansas,Bourbon,14333
Kansas,Brown,9473
Kansas,Butler,67401
Kansas,Chase,2564
Kansas,Chautauqua,3386
Kansas,Cherokee,19275
Kansas,Cheyenne,2620
Kansas,Clark,1973
Kansas,Clay,8112
Kansas,Cloud,8988
Kansas,Coffey,8370
Kansas,Comanche,1681
Kansas,Cowley,34498
Kansas,Crawford,38930
Kansas,Decatur,2749
Kansas,Dickinson,18353
Kansas,Doniphan,7469
Kansas,Douglas,118814
Kansas,Edwards,2898
Kansas,Elk,2475
Kansas,Ellis,28931
Kansas,Ellsworth,6354
Kansas,Finney,38297
Kansas,Ford,34206
Kansas,Franklin,26028
Kansas,Geary,36747
Kansas,Gove,2694
Kansas,Graham,2405
Kansas,Grant,7327
Kansas,Gray,5633
Kansas,Greeley,1277
Kansas,Greenwood,5972
Kansas,Hamilton,2494
Kansas,Harper,5461
Kansas,Harvey,33942
Kansas,Haskell,3756
Kansas,Hodgeman,1718
Kansas,Jackson,13230
Kansas,Jefferson,18300
Kansas,Jewell,2926
Kansas,Johnson,610536
Kansas,Kearny,3971
Kansas,Kingman,7446
Kansas,Kiowa,2452
Kansas,Labette,20119
Kansas,Lane,1568
Kansas,Leavenworth,81870
Kansas,Lincoln,2947
Kansas,Linn,9582
Kansas,Logan,2743
Kansas,Lyon,32100
Kansas,McPherson,30160
Kansas,Marion,11754
Kansas,Marshall,10014
Kansas,Meade,4045
Kansas,Miami,34183
Kansas,Mitchell,5764
Kansas,Montgomery,31360
Kansas,Morris,5360
Kansas,Morton,2695
Kansas,Nemaha,10218
Kansas,Neosho,15909
Kansas,Ness,2678
Kansas,Norton,5435
Kansas,Osage,15724
Kansas,Osborne,3494
Kansas,Ottawa,5733
Kansas,Pawnee,6244
Kansas,Phillips,4953
Kansas,Pottawatomie,25392
Kansas,Pratt,9151
Kansas,Rawlins,2555
Kansas,Reno,61808
Kansas,Republic,4680
Kansas,Rice,9374
Kansas,Riley,71996
Kansas,Rooks,4894
Kansas,Rush,2944
Kansas,Russell,6672
Kansas,Saline,54232
Kansas,Scott,5137
Kansas,Sedgwick,524246
Kansas,Seward,21832
Kansas,Shawnee,178608
Kansas,Sheridan,2442
Kansas,Sherman,5882
Kansas,Smith,3559
Kansas,Stafford,4064
Kansas,Stanton,2072
Kansas,Stevens,5236
Kansas,Sumner,22332
Kansas,Thomas,7916
Kansas,Trego,2808
Kansas,Wabaunsee,6885
Kansas,Wallace,1514
Kansas,Washington,5526
Kansas,Wichita,2144
Kansas,Wilson,8577
Kansas,Woodson,3103
Kansas,Wyandotte,168873
Kentucky,Adair,18870
Kentucky,Allen,20595
Kentucky,Anderson,23869
Kentucky,Ballard,7724
Kentucky,Barren,44445
Kentucky,Bath,12708
Kentucky,Bell,23942
Kentucky,Boone,136403
Kentucky,Bourbon,20285
Kentucky,Boyd,48175
Kentucky,Boyle,30701
Kentucky,Bracken,8390
Kentucky,Breathitt,13679
Kentucky,Breckinridge,20432
Kentucky,Bullitt,82293
Kentucky,Butler,12318
Kentucky,Caldwell,12632
Kentucky,Calloway,37147
Kentucky,Campbell,93086
Kentucky,Carlisle,4811
Kentucky,Carroll,10833
Kentucky,Carter,26575
Kentucky,Casey,15886
Kentucky,Christian,72696
Kentucky,Clark,36999
Kentucky,Clay,20294
Kentucky,Clinton,9216
Kentucky,Crittenden,8985
Kentucky,Cumberland,5856
Kentucky,Daviess,103291
Kentucky,Edmonson,12132
Kentucky,Elliott,7334
Kentucky,Estill,14134
Kentucky,Fayette,322403
Kentucky,Fleming,15091
Kentucky,Floyd,35756
Kentucky,Franklin,51569
Kentucky,Fulton,6501
Kentucky,Gallatin,8667
Kentucky,Garrard,16935
Kentucky,Grant,25008
Kentucky,Graves,36512
Kentucky,Grayson,26410
Kentucky,Green,11112
Kentucky,Greenup,35852
Kentucky,Hancock,9092
Kentucky,Hardin,110719
Kentucky,Harlan,26689
Kentucky,Harrison,18705
Kentucky,Hart,19271
Kentucky,Henderson,44645
Kentucky,Henry,15666
Kentucky,Hickman,4521
Kentucky,Hopkins,45367
Kentucky,Jackson,12951
Kentucky,Jefferson,782123
Kentucky,Jessamine,52972
Kentucky,Johnson,22634
Kentucky,Kenton,169183
Kentucky,Knott,14160
Kentucky,Knox,30135
Kentucky,Larue,14870
Kentucky,Laurel,62662
Kentucky,Lawrence,16288
Kentucky,Lee,7360
Kentucky,Leslie,10455
Kentucky,Letcher,21428
Kentucky,Lewis,13061
Kentucky,Lincoln,24238
Kentucky,Livingston,8845
Kentucky,Logan,27497
Kentucky,Lyon,8664
Kentucky,McCracken,67836
Kentucky,McCreary,16851
Kentucky,McLean,9114
Kentucky,Madison,92920
Kentucky,Magoffin,11594
Kentucky,Marion,19580
Kentucky,Marshall,31665
Kentucky,Martin,11228
Kentucky,Mason,17085
Kentucky,Meade,29981
Kentucky,Menifee,6115
Kentucky,Mercer,22616
Kentucky,Metcalfe,10271
Kentucky,Monroe,11301
Kentucky,Montgomery,28091
Kentucky,Morgan,13719
Kentucky,Muhlenberg,30875
Kentucky,Nelson,46756
Kentucky,Nicholas,7536
Kentucky,Ohio,23726
Kentucky,Oldham,67642
Kentucky,Owen,11294
Kentucky,Owsley,4018
Kentucky,Pendleton,14640
Kentucky,Perry,28378
Kentucky,Pike,58408
Kentucky,Powell,13085
Kentucky,Pulaski,65016
Kentucky,Robertson,2184
Kentucky,Rockcastle,16053
Kentucky,Rowan,24732
Kentucky,Russell,17975
Kentucky,Scott,57477
Kentucky,Shelby,48179
Kentucky,Simpson,19620
Kentucky,Spencer,19564
Kentucky,Taylor,26020
Kentucky,Todd,12280
Kentucky,Trigg,14068
Kentucky,Trimble,8461
Kentucky,Union,13646
Kentucky,Warren,134933
Kentucky,Washington,12024
Kentucky,Wayne,19528
Kentucky,Webster,12989
Kentucky,Whitley,36687
Kentucky,Wolfe,6552
Kentucky,Woodford,26892
Louisiana,Acadia,57455
Louisiana,Allen,22697
Louisiana,Ascension,126984
Louisiana,Assumption,20968
Louisiana,Avoyelles,39616
Louisiana,Beauregard,36573
Louisiana,Bienville,12899
Louisiana,Bossier,128615
Louisiana,Caddo,237056
Louisiana,Calcasieu,216416
Louisiana,Caldwell,9617
Louisiana,Cameron,5619
Louisiana,Catahoula,8859
Louisiana,Claiborne,14109
Louisiana,Concordia,18589
Louisiana,De Soto,26854
Louisiana,East Baton Rouge,455884
Louisiana,East Carroll,7383
Louisiana,East Feliciana,19451
Louisiana,Evangeline,32307
Louisiana,Franklin,19721
Louisiana,Grant,22129
Louisiana,Iberia,69725
Louisiana,Iberville,30095
Louisiana,Jackson,14989
Louisiana,Jefferson,439845
Louisiana,Jefferson Davis,32166
Louisiana,Lafayette,242004
Louisiana,Lafourche,97495
Louisiana,LaSalle,14812
Louisiana,Lincoln,48259
Louisiana,Livingston,142726
Louisiana,Madison,9927
Louisiana,Morehouse,25430
Louisiana,Natchitoches,37349
Louisiana,Orleans,383282
Louisiana,Ouachita,160003
Louisiana,Plaquemines,23466
Louisiana,Pointe Coupee,20689
Louisiana,Rapides,129607
Louisiana,Red River,7619
Louisiana,Richland,19997
Louisiana,Sabine,22118
Louisiana,St. Bernard,43838
Louisiana,St. Charles,52481
Louisiana,St. Helena,10889
Louisiana,St. James,20127
Louisiana,St. John the Baptist,42394
Louisiana,St. Landry,82273
Louisiana,St. Martin,51604
Louisiana,St. Mary,49140
Louisiana,St. Tammany,264933
Louisiana,Tangipahoa,133549
Louisiana,Tensas,4116
Louisiana,Terrebonne,109319
Louisiana,Union,21124
Louisiana,Vermilion,57289
Louisiana,Vernon,48582
Louisiana,Washington,45370
Louisiana,Webster,36864
Louisiana,West Baton Rouge,27236
Louisiana,West Carroll,9694
Louisiana,West Feliciana,15256
Louisiana,Winn,13721
Maine,Androscoggin,111039
Maine,Aroostook,66994
Maine,Cumberland,303312
Maine,Franklin,29418
Maine,Hancock,55460
Maine,Kennebec,123754
Maine,Knox,40609
Maine,Lincoln,35192
Maine,Oxford,57849
Maine,Penobscot,152007
Maine,Piscataquis,16768
Maine,Sagadahoc,36688
Maine,Somerset,50404
Maine,Waldo,39635
Maine,Washington,31062
Maine,York,212089
Maryland,Allegany,67947
Maryland,Anne Arundel,588769
Maryland,Baltimore,853073
Maryland,Calvert,92857
Maryland,Caroline,33290
Maryland,Carroll,172890
Maryland,Cecil,103740
Maryland,Charles,166682
Maryland,Dorchester,32508
Maryland,Frederick,272737
Maryland,Garrett,28761
Maryland,Harford,261122
Maryland,Howard,332722
Maryland,Kent,19142
Maryland,Montgomery,1061243
Maryland,Prince George's,965601
Maryland,Queen Anne's,49983
Maryland,St. Mary's,113953
Maryland,Somerset,24567
Maryland,Talbot,37456
Maryland,Washington,154586
Maryland,Wicomico,103473
Maryland,Worcester,52445
Maryland,Baltimore city,583132
Massachusetts,Barnstable,228969
Massachusetts,Berkshire,128758
Massachusetts,Bristol,579172
Massachusetts,Dukes,20581
Massachusetts,Essex,809218
Massachusetts,Franklin,70988
Massachusetts,Hampden,464908
Massachusetts,Hampshire,162064
Massachusetts,Middlesex,1629422
Massachusetts,Nantucket,14244
Massachusetts,Norfolk,726025
Massachusetts,Plymouth,530979
Massachusetts,Suffolk,795431
Massachusetts,Worcester,861461
Michigan,Alcona,10158
Michigan,Alger,8834
Michigan,Allegan,120596
Michigan,Alpena,28877
Michigan,Antrim,23421
Michigan,Arenac,14990
Michigan,Baraga,8128
Michigan,Barry,62548
Michigan,Bay,103594
Michigan,Benzie,17974
Michigan,Berrien,154095
Michigan,Branch,44810
Michigan,Calhoun,134113
Michigan,Cass,51563
Michigan,Charlevoix,26012
Michigan,Cheboygan,25599
Michigan,Chippewa,36744
Michigan,Clare,30822
Michigan,Clinton,79128
Michigan,Crawford,12965
Michigan,Delta,36842
Michigan,Dickinson,25886
Michigan,Eaton,109106
Michigan,Emmet,34090
Michigan,Genesee,405648
Michigan,Gladwin,25369
Michigan,Gogebic,14315
Michigan,Grand Traverse,95315
Michigan,Gratiot,41662
Michigan,Hillsdale,45677
Michigan,Houghton,37160
Michigan,Huron,31351
Michigan,Ingham,284520
Michigan,Ionia,66861
Michigan,Iosco,25191
Michigan,Iron,11637
Michigan,Isabella,64488
Michigan,Jackson,160200
Michigan,Kalamazoo,261629
Michigan,Kalkaska,17925
Michigan,Kent,658040
Michigan,Keweenaw,2055
Michigan,Lake,12099
Michigan,Lapeer,88528
Michigan,Leelanau,22302
Michigan,Lenawee,99214
Michigan,Livingston,193973
Michigan,Luce,5325
Michigan,Mackinac,10830
Michigan,Macomb,880349
Michigan,Manistee,25063
Michigan,Marquette,65931
Michigan,Mason,29064
Michigan,Mecosta,39781
Michigan,Menominee,23423
Michigan,Midland,83476
Michigan,Missaukee,15067
Michigan,Monroe,154796
Michigan,Montcalm,66515
Michigan,Montmorency,9155
Michigan,Muskegon,175817
Michigan,Newaygo,50042
Michigan,Oakland,1272408
Michigan,Oceana,26688
Michigan,Ogemaw,20740
Michigan,Ontonagon,5804
Michigan,Osceola,22887
Michigan,Oscoda,8234
Michigan,Otsego,25102
Michigan,Ottawa,296787
Michigan,Presque Isle,12979
Michigan,Roscommon,23432
Michigan,Saginaw,189831
Michigan,St. Clair,160265
Michigan,St. Joseph,60902
Michigan,Sanilac,40506
Michigan,Schoolcraft,8041
Michigan,Shiawassee,67983
Michigan,Tuscola,53274
Michigan,Van Buren,75556
Michigan,Washtenaw,371656
Michigan,Wayne,1790225
Michigan,Wexford,33676
Minnesota,Aitkin,15693
Minnesota,Anoka,364299
Minnesota,Becker,35147
Minnesota,Beltrami,46230
Minnesota,Benton,41338
Minnesota,Big Stone,5147
Minnesota,Blue Earth,69173
Minnesota,Brown,25885
Minnesota,Carlton,36156
Minnesota,Carver,107286
Minnesota,Cass,30125
Minnesota,Chippewa,12593
Minnesota,Chisago,56670
Minnesota,Clay,65351
Minnesota,Clearwater,8580
Minnesota,Cook,5592
Minnesota,Cottonwood,11489
Minnesota,Crow Wing,66236
Minnesota,Dakota,440317
Minnesota,Dodge,20861
Minnesota,Douglas,39079
Minnesota,Faribault,13888
Minnesota,Fillmore,21246
Minnesota,Freeborn,30883
Minnesota,Goodhue,47536
Minnesota,Grant,6080
Minnesota,Hennepin,1281267
Minnesota,Houston,18818
Minnesota,Hubbard,21380
Minnesota,Isanti,41383
Minnesota,Itasca,44984
Minnesota,Jackson,9969
Minnesota,Kanabec,16040
Minnesota,Kandiyohi,43685
Minnesota,Kittson,4180
Minnesota,Koochiching,12031
Minnesota,Lac qui Parle,6701
Minnesota,Lake,10885
Minnesota,Lake of the Woods,3760
Minnesota,Le Sueur,28627
Minnesota,Lincoln,5628
Minnesota,Lyon,25174
Minnesota,McLeod,36701
Minnesota,Mahnomen,5374
Minnesota,Marshall,9035
Minnesota,Martin,19970
Minnesota,Meeker,23428
Minnesota,Mille Lacs,26410
Minnesota,Morrison,33980
Minnesota,Mower,40049
Minnesota,Murray,8168
Minnesota,Nicollet,34490
Minnesota,Nobles,22183
Minnesota,Norman,6422
Minnesota,Olmsted,162991
Minnesota,Otter Tail,60024
Minnesota,Pennington,13939
Minnesota,Pine,28854
Minnesota,Pipestone,9405
Minnesota,Polk,31051
Minnesota,Pope,11309
Minnesota,Ramsey,551480
Minnesota,Red Lake,3936
Minnesota,Redwood,15391
Minnesota,Renville,14684
Minnesota,Rice,67030
Minnesota,Rock,9705
Minnesota,Roseau,15294
Minnesota,St. Louis,199962
Minnesota,Scott,151265
Minnesota,Sherburne,97479
Minnesota,Sibley,14802
Minnesota,Stearns,158349
Minnesota,Steele,37352
Minnesota,Stevens,9646
Minnesota,Swift,9791
Minnesota,Todd,25250
Minnesota,Traverse,3346
Minnesota,Wabasha,21417
Minnesota,Wadena,14107
Minnesota,Waseca,18954
Minnesota,Washington,268191
Minnesota,Watonwan,11221
Minnesota,Wilkin,6481
Minnesota,Winona,49606
Minnesota,Wright,141759
Minnesota,Yellow Medicine,9492
Mississippi,Adams,29405
Mississippi,Alcorn,34680
Mississippi,Amite,12698
Mississippi,Attala,17828
Mississippi,Benton,7661
Mississippi,Bolivar,30849
Mississippi,Calhoun,13240
Mississippi,Carroll,9941
Mississippi,Chickasaw,17067
Mississippi,Choctaw,8202
Mississippi,Claiborne,9093
Mississippi,Clarke,15533
Mississippi,Clay,18645
Mississippi,Coahoma,21232
Mississippi,Copiah,28293
Mississippi,Covington,18313
Mississippi,DeSoto,185902
Mississippi,Forrest,78136
Mississippi,Franklin,7653
Mississippi,George,24335
Mississippi,Greene,13501
Mississippi,Grenada,21581
Mississippi,Hancock,46075
Mississippi,Harrison,208613
Mississippi,Hinds,226636
Mississippi,Holmes,16912
Mississippi,Humphreys,7715
Mississippi,Issaquena,1326
Mississippi,Itawamba,23824
Mississippi,Jackson,143291
Mississippi,Jasper,16348
Mississippi,Jefferson,7254
Mississippi,Jefferson Davis,11258
Mississippi,Jones,67142
Mississippi,Kemper,8983
Mississippi,Lafayette,55905
Mississippi,Lamar,64368
Mississippi,Lauderdale,72706
Mississippi,Lawrence,11984
Mississippi,Leake,21247
Mississippi,Lee,83228
Mississippi,Leflore,28196
Mississippi,Lincoln,34815
Mississippi,Lowndes,58726
Mississippi,Madison,109222
Mississippi,Marion,24399
Mississippi,Marshall,33754
Mississippi,Monroe,34093
Mississippi,Montgomery,9793
Mississippi,Neshoba,28992
Mississippi,Newton,21243
Mississippi,Noxubee,10231
Mississippi,Oktibbeha,51710
Mississippi,Panola,33114
Mississippi,Pearl River,56140
Mississippi,Perry,11470
Mississippi,Pike,40209
Mississippi,Pontotoc,31206
Mississippi,Prentiss,24935
Mississippi,Quitman,6153
Mississippi,Rankin,157052
Mississippi,Scott,27958
Mississippi,Sharkey,3767
Mississippi,Simpson,25893
Mississippi,Smith,14204
Mississippi,Stone,18333
Mississippi,Sunflower,25826
Mississippi,Tallahatchie,12670
Mississippi,Tate,28124
Mississippi,Tippah,21732
Mississippi,Tishomingo,18822
Mississippi,Tunica,9720
Mississippi,Union,27780
Mississippi,Walthall,13863
Mississippi,Warren,44548
Mississippi,Washington,44613
Mississippi,Wayne,19778
Mississippi,Webster,9921
Mississippi,Wilkinson,8525
Mississippi,Winston,17673
Mississippi,Yalobusha,12446
Mississippi,Yazoo,26618
Missouri,Adair,25246
Missouri,Andrew,18083
Missouri,Atchison,5306
Missouri,Audrain,24925
Missouri,Barry,34539
Missouri,Barton,11613
Missouri,Bates,16044
Missouri,Benton,19409
Missouri,Bollinger,10525
Missouri,Boone,183894
Missouri,Buchanan,84615
Missouri,Butler,42007
Missouri,Caldwell,8806
Missouri,Callaway,44288
Missouri,Camden,42784
Missouri,Cape Girardeau,81788
Missouri,Carroll,8461
Missouri,Carter,5207
Missouri,Cass,108113
Missouri,Cedar,14199
Missouri,Chariton,7380
Missouri,Christian,89224
Missouri,Clark,6632
Missouri,Clay,253923
Missouri,Clinton,21204
Missouri,Cole,77198
Missouri,Cooper,17089
Missouri,Crawford,23026
Missouri,Dade,7586
Missouri,Dallas,17099
Missouri,Daviess,8427
Missouri,DeKalb,11014
Missouri,Dent,14418
Missouri,Douglas,11592
Missouri,Dunklin,28178
Missouri,Franklin,104769
Missouri,Gasconade,14745
Missouri,Gentry,6115
Missouri,Greene,299060
Missouri,Grundy,9729
Missouri,Harrison,8155
Missouri,Henry,21949
Missouri,Hickory,8303
Missouri,Holt,4186
Missouri,Howard,10144
Missouri,Howell,39750
Missouri,Iron,9515
Missouri,Jackson,717243
Missouri,Jasper,122766
Missouri,Jefferson,226929
Missouri,Johnson,54002
Missouri,Knox,3732
Missouri,Laclede,36024
Missouri,Lafayette,33001
Missouri,Lawrence,37963
Missouri,Lewis,10031
Missouri,Lincoln,59829
Missouri,Linn,11849
Missouri,Livingston,14562
Missouri,McDonald,23285
Missouri,Macon,15182
Missouri,Madison,12600
Missouri,Maries,8427
Missouri,Marion,28470
Missouri,Mercer,3515
Missouri,Miller,24733
Missouri,Mississippi,12537
Missouri,Moniteau,15464
Missouri,Monroe,8666
Missouri,Montgomery,11262
Missouri,Morgan,20997
Missouri,New Madrid,16329
Missouri,Newton,58613
Missouri,Nodaway,21218
Missouri,Oregon,8617
Missouri,Osage,13249
Missouri,Ozark,8514
Missouri,Pemiscot,15585
Missouri,Perry,18960
Missouri,Pettis,42951
Missouri,Phelps,44517
Missouri,Pike,17613
Missouri,Platte,107100
Missouri,Polk,31577
Missouri,Pulaski,53964
Missouri,Putnam,4676
Missouri,Ralls,10351
Missouri,Randolph,24636
Missouri,Ray,23100
Missouri,Reynolds,6078
Missouri,Ripley,10680
Missouri,St. Charles,406258
Missouri,St. Clair,9340
Missouri,Ste. Genevieve,18476
Missouri,St. Francois,66900
Missouri,St. Louis,1002838
Missouri,Saline,23319
Missouri,Schuyler,4007
Missouri,Scotland,4698
Missouri,Scott,38009
Missouri,Shannon,7041
Missouri,Shelby,6101
Missouri,Stoddard,28652
Missouri,Stone,31175
Missouri,Sullivan,5976
Missouri,Taney,56020
Missouri,Texas,24413
Missouri,Vernon,19642
Missouri,Warren,35707
Missouri,Washington,23499
Missouri,Wayne,10913
Missouri,Webster,39168
Missouri,Worth,1962
Missouri,Wright,18180
Missouri,St. Louis city,300528
Montana,Beaverhead,9372
Montana,Big Horn,13051
Montana,Blaine,7002
Montana,Broadwater,6846
Montana,Carbon,10512
Montana,Carter,1413
Montana,Cascade,84328
Montana,Chouteau,5899
Montana,Custer,11859
Montana,Daniels,1658
Montana,Dawson,8922
Montana,Deer Lodge,9413
Montana,Fallon,3033
Montana,Fergus,11457
Montana,Flathead,104773
Montana,Gallatin,119502
Montana,Garfield,1172
Montana,Glacier,13747
Montana,Golden Valley,820
Montana,Granite,3308
Montana,Hill,16250
Montana,Jefferson,12133
Montana,Judith Basin,2017
Montana,Lake,31259
Montana,Lewis and Clark,71093
Montana,Liberty,1960
Montana,Lincoln,19731
Montana,McCone,1733
Montana,Madison,8657
Montana,Meagher,1925
Montana,Mineral,4565
Montana,Missoula,118238
Montana,Musselshell,4747
Montana,Park,17193
Montana,Petroleum,498
Montana,Phillips,4190
Montana,Pondera,5882
Montana,Powder River,1693
Montana,Powell,6934
Montana,Prairie,1076
Montana,Ravalli,44351
Montana,Richland,11501
Montana,Roosevelt,10780
Montana,Rosebud,8298
Montana,Sanders,12451
Montana,Sheridan,3518
Montana,Silver Bow,35168
Montana,Stillwater,9010
Montana,Sweet Grass,3671
Montana,Teton,6242
Montana,Toole,4964
Montana,Treasure,761
Montana,Valley,7551
Montana,Wheatland,2093
Montana,Wibaux,928
Montana,Yellowstone,165045
Nebraska,Adams,31147
Nebraska,Antelope,6276
Nebraska,Arthur,431
Nebraska,Banner,683
Nebraska,Blaine,431
Nebraska,Boone,5351
Nebraska,Box Butte,10824
Nebraska,Boyd,1806
Nebraska,Brown,2903
Nebraska,Buffalo,50129
Nebraska,Burt,6721
Nebraska,Butler,8349
Nebraska,Cass,26593
Nebraska,Cedar,8373
Nebraska,Chase,3881
Nebraska,Cherry,5462
Nebraska,Cheyenne,9482
Nebraska,Clay,6101
Nebraska,Colfax,10546
Nebraska,Cuming,9009
Nebraska,Custer,10495
Nebraska,Dakota,21502
Nebraska,Dawes,8151
Nebraska,Dawson,24039
Nebraska,Deuel,1829
Nebraska,Dixon,5580
Nebraska,Dodge,37102
Nebraska,Douglas,585010
Nebraska,Dundy,1647
Nebraska,Fillmore,5567
Nebraska,Franklin,2885
Nebraska,Frontier,2510
Nebraska,Furnas,4615
Nebraska,Gage,21663
Nebraska,Garden,1883
Nebraska,Garfield,1806
Nebraska,Gosper,1891
Nebraska,Grant,611
Nebraska,Greeley,2180
Nebraska,Hall,62730
Nebraska,Hamilton,9403
Nebraska,Harlan,3054
Nebraska,Hayes,855
Nebraska,Hitchcock,2610
Nebraska,Holt,10083
Nebraska,Hooker,707
Nebraska,Howard,6496
Nebraska,Jefferson,7260
Nebraska,Johnson,5288
Nebraska,Kearney,6695
Nebraska,Keith,8322
Nebraska,Keya Paha,763
Nebraska,Kimball,3401
Nebraska,Knox,8383
Nebraska,Lancaster,322910
Nebraska,Lincoln,34551
Nebraska,Logan,714
Nebraska,Loup,606
Nebraska,McPherson,396
Nebraska,Madison,35473
Nebraska,Merrick,7659
Nebraska,Morrill,4539
Nebraska,Nance,3382
Nebraska,Nemaha,7088
Nebraska,Nuckolls,4081
Nebraska,Otoe,15892
Nebraska,Pawnee,2536
Nebraska,Perkins,2851
Nebraska,Phelps,8968
Nebraska,Pierce,7328
Nebraska,Platte,34280
Nebraska,Polk,5225
Nebraska,Red Willow,10671
Nebraska,Richardson,7836
Nebraska,Rock,1267
Nebraska,Saline,14249
Nebraska,Sarpy,191114
Nebraska,Saunders,22361
Nebraska,Scotts Bluff,36002
Nebraska,Seward,17605
Nebraska,Sheridan,5097
Nebraska,Sherman,2956
Nebraska,Sioux,1144
Nebraska,Stanton,5824
Nebraska,Thayer,5013
Nebraska,Thomas,671
Nebraska,Thurston,6769
Nebraska,Valley,4048
Nebraska,Washington,20904
Nebraska,Wayne,9687
Nebraska,Webster,3387
Nebraska,Wheeler,773
Nebraska,York,14084
Nevada,Churchill,25539
Nevada,Clark,2273386
Nevada,Douglas,49468
Nevada,Elko,53750
Nevada,Esmeralda,730
Nevada,Eureka,1847
Nevada,Humboldt,17283
Nevada,Lander,5725
Nevada,Lincoln,4502
Nevada,Lyon,59431
Nevada,Mineral,4553
Nevada,Nye,51968
Nevada,Pershing,6639
Nevada,Storey,4106
Nevada,Washoe,487388
Nevada,White Pine,9079
Nevada,Carson City,58677
New Hampshire,Belknap,63743
New Hampshire,Carroll,50212
New Hampshire,Cheshire,76501
New Hampshire,Coos,31173
New Hampshire,Grafton,91123
New Hampshire,Hillsborough,422705
New Hampshire,Merrimack,153922
New Hampshire,Rockingham,314430
New Hampshire,Strafford,131006
New Hampshire,Sullivan,43033
New Jersey,Atlantic,274191
New Jersey,Bergen,954774
New Jersey,Burlington,461862
New Jersey,Camden,523204
New Jersey,Cape May,95077
New Jersey,Cumberland,153848
New Jersey,Essex,862032
New Jersey,Gloucester,302607
New Jersey,Hudson,722655
New Jersey,Hunterdon,128839
New Jersey,Mercer,386759
New Jersey,Middlesex,861908
New Jersey,Monmouth,643163
New Jersey,Morris,509001
New Jersey,Ocean,638824
New Jersey,Passaic,523100
New Jersey,Salem,64859
New Jersey,Somerset,345014
New Jersey,Sussex,144082
New Jersey,Union,574349
New Jersey,Warren,109595
New Mexico,Bernalillo,676581
New Mexico,Catron,3612
New Mexico,Chaves,65168
New Mexico,Cibola,27076
New Mexico,Colfax,12332
New Mexico,Curry,48325
New Mexico,De Baca,1678
New Mexico,Doña Ana,219899
New Mexico,Eddy,62257
New Mexico,Grant,28209
New Mexico,Guadalupe,4447
New Mexico,Harding,660
New Mexico,Hidalgo,4149
New Mexico,Lea,74586
New Mexico,Lincoln,20296
New Mexico,Los Alamos,19424
New Mexico,Luna,25420
New Mexico,McKinley,72630
New Mexico,Mora,4184
New Mexico,Otero,67861
New Mexico,Quay,8721
New Mexico,Rio Arriba,40264
New Mexico,Roosevelt,19118
New Mexico,Sandoval,149218
New Mexico,San Juan,121429
New Mexico,San Miguel,27115
New Mexico,Santa Fe,154977
New Mexico,Sierra,11526
New Mexico,Socorro,16565
New Mexico,Taos,34392
New Mexico,Torrance,15051
New Mexico,Union,4067
New Mexico,Valencia,76329
New York,Albany,314368
New York,Allegany,46373
New York,Bronx,1466438
New York,Broome,198199
New York,Cattaraugus,76907
New York,Cayuga,76095
New York,Chautauqua,127424
New York,Chemung,83882
New York,Chenango,47073
New York,Clinton,79715
New York,Columbia,61550
New York,Cortland,46723
New York,Delaware,44186
New York,Dutchess,295742
New York,Erie,953254
New York,Essex,37336
New York,Franklin,47527
New York,Fulton,53160
New York,Genesee,58258
New York,Greene,47890
New York,Hamilton,5078
New York,Herkimer,60007
New York,Jefferson,116134
New York,Kings,2727393
New York,Lewis,26538
New York,Livingston,61699
New York,Madison,67890
New York,Monroe,758554
New York,Montgomery,49433
New York,Nassau,1393978
New York,Niagara,212252
New York,Oneida,231695
New York,Onondaga,475653
New York,Ontario,112475
New York,Orange,401322
New York,Orleans,40236
New York,Oswego,117351
New York,Otsego,58351
New York,Putnam,97660
New York,Queens,2395791
New York,Rensselaer,160923
New York,Richmond,495522
New York,Rockland,338121
New York,St. Lawrence,108311
New York,Saratoga,235689
New York,Schenectady,157861
New York,Schoharie,29720
New York,Schuyler,17857
New York,Seneca,33715
New York,Steuben,93363
New York,Suffolk,1524099
New York,Sullivan,78643
New York,Tioga,48355
New York,Tompkins,105404
New York,Ulster,181687
New York,Warren,65638
New York,Washington,61143
New York,Wayne,91103
New York,Westchester,1003245
New York,Wyoming,40401
New York,Yates,24709
North Carolina,Alamance,171842
North Carolina,Alexander,36430
North Carolina,Alleghany,10899
North Carolina,Anson,22030
North Carolina,Ashe,26569
North Carolina,Avery,17798
North Carolina,Beaufort,44618
North Carolina,Bertie,17851
North Carolina,Bladen,29599
North Carolina,Brunswick,138084
North Carolina,Buncombe,269621
North Carolina,Burke,87546
North Carolina,Cabarrus,227065
North Carolina,Caldwell,80512
North Carolina,Camden,10398
North Carolina,Carteret,67656
North Carolina,Caswell,22694
North Carolina,Catawba,160747
North Carolina,Chatham,76611
North Carolina,Cherokee,28833
North Carolina,Chowan,13666
North Carolina,Clay,11118
North Carolina,Cleveland,99725
North Carolina,Columbus,50505
North Carolina,Craven,100552
North Carolina,Cumberland,334370
North Carolina,Currituck,28385
North Carolina,Dare,37001
North Carolina,Davidson,169131
North Carolina,Davie,42806
North Carolina,Duplin,48675
North Carolina,Durham,325602
North Carolina,Edgecombe,48697
North Carolina,Forsyth,382733
North Carolina,Franklin,69060
North Carolina,Gaston,228269
North Carolina,Gates,10452
North Carolina,Graham,8016
North Carolina,Granville,61041
North Carolina,Greene,20444
North Carolina,Guilford,541347
North Carolina,Halifax,48495
North Carolina,Harnett,133761
North Carolina,Haywood,62131
North Carolina,Henderson,116493
North Carolina,Hertford,21451
North Carolina,Hoke,52223
North Carolina,Hyde,4549
North Carolina,Iredell,187630
North Carolina,Jackson,43134
North Carolina,Johnston,217612
North Carolina,Jones,9156
North Carolina,Lee,63387
North Carolina,Lenoir,54995
North Carolina,Lincoln,87190
North Carolina,McDowell,44536
North Carolina,Macon,37049
North Carolina,Madison,21209
North Carolina,Martin,21949
North Carolina,Mecklenburg,1118340
North Carolina,Mitchell,14881
North Carolina,Montgomery,25720
North Carolina,Moore,100168
North Carolina,Nash,95027
North Carolina,New Hanover,226060
North Carolina,Northampton,17438
North Carolina,Onslow,204735
North Carolina,Orange,148792
North Carolina,Pamlico,12280
North Carolina,Pasquotank,40645
North Carolina,Pender,60563
North Carolina,Perquimans,12997
North Carolina,Person,39146
North Carolina,Pitt,170570
North Carolina,Polk,19372
North Carolina,Randolph,144334
North Carolina,Richmond,42879
North Carolina,Robeson,116361
North Carolina,Rockingham,91080
North Carolina,Rowan,147027
North Carolina,Rutherford,64421
North Carolina,Sampson,59021
North Carolina,Scotland,34110
North Carolina,Stanly,62609
North Carolina,Stokes,44517
North Carolina,Surry,71253
North Carolina,Swain,14083
North Carolina,Transylvania,33009
North Carolina,Tyrrell,3232
North Carolina,Union,239287
North Carolina,Vance,42529
North Carolina,Wake,1133553
North Carolina,Warren,18598
North Carolina,Washington,10955
North Carolina,Watauga,54072
North Carolina,Wayne,117226
North Carolina,Wilkes,65871
North Carolina,Wilson,78811
North Carolina,Yadkin,37182
North Carolina,Yancey,18475
North Dakota,Adams,2188
North Dakota,Barnes,10836
North Dakota,Benson,5953
North Dakota,Billings,931
North Dakota,Bottineau,6377
North Dakota,Bowman,2981
North Dakota,Burke,2189
North Dakota,Burleigh,98467
North Dakota,Cass,184868
North Dakota,Cavalier,3693
North Dakota,Dickey,4959
North Dakota,Divide,2198
North Dakota,Dunn,4103
North Dakota,Eddy,2333
North Dakota,Emmons,3282
North Dakota,Foster,3389
North Dakota,Golden Valley,1730
North Dakota,Grand Forks,73062
North Dakota,Grant,2281
North Dakota,Griggs,2296
North Dakota,Hettinger,2474
North Dakota,Kidder,2384
North Dakota,LaMoure,4083
North Dakota,Logan,1885
North Dakota,McHenry,5322
North Dakota,McIntosh,2512
North Dakota,McKenzie,14744
North Dakota,McLean,9749
North Dakota,Mercer,8330
North Dakota,Morton,33333
North Dakota,Mountrail,9765
North Dakota,Nelson,2989
North Dakota,Oliver,1866
North Dakota,Pembina,6827
North Dakota,Pierce,3968
North Dakota,Ramsey,11555
North Dakota,Ransom,5703
North Dakota,Renville,2272
North Dakota,Richland,16524
North Dakota,Rolette,12162
North Dakota,Sargent,3842
North Dakota,Sheridan,1258
North Dakota,Sioux,3884
North Dakota,Slope,701
North Dakota,Stark,33805
North Dakota,Steele,1797
North Dakota,Stutsman,21529
North Dakota,Towner,2138
North Dakota,Traill,7974
North Dakota,Walsh,10520
North Dakota,Ward,69847
North Dakota,Wells,3955
North Dakota,Williams,41149
Ohio,Adams,27434
Ohio,Allen,102059
Ohio,Ashland,52420
Ohio,Ashtabula,97413
Ohio,Athens,62350
Ohio,Auglaize,46411
Ohio,Belmont,66235
Ohio,Brown,43629
Ohio,Butler,390600
Ohio,Carroll,26689
Ohio,Champaign,38705
Ohio,Clark,135719
Ohio,Clermont,208635
Ohio,Clinton,41962
Ohio,Columbiana,101607
Ohio,Coshocton,36548
Ohio,Crawford,41928
Ohio,Cuyahoga,1261696
Ohio,Darke,51882
Ohio,Defiance,38227
Ohio,Delaware,215062
Ohio,Erie,75429
Ohio,Fairfield,159357
Ohio,Fayette,28939
Ohio,Franklin,1324013
Ohio,Fulton,42619
Ohio,Gallia,29193
Ohio,Geauga,95334
Ohio,Greene,168025
Ohio,Guernsey,38390
Ohio,Hamilton,829909
Ohio,Hancock,74830
Ohio,Hardin,30725
Ohio,Harrison,14493
Ohio,Henry,27629
Ohio,Highland,43321
Ohio,Hocking,27999
Ohio,Holmes,44194
Ohio,Huron,58439
Ohio,Jackson,32642
Ohio,Jefferson,65107
Ohio,Knox,62765
Ohio,Lake,232410
Ohio,Lawrence,58132
Ohio,Licking,178680
Ohio,Logan,46065
Ohio,Lorain,313367
Ohio,Lucas,430728
Ohio,Madison,43823
Ohio,Mahoning,227948
Ohio,Marion,65363
Ohio,Medina,182550
Ohio,Meigs,22118
Ohio,Mercer,42471
Ohio,Miami,108821
Ohio,Monroe,13354
Ohio,Montgomery,536629
Ohio,Morgan,13741
Ohio,Morrow,34964
Ohio,Muskingum,86342
Ohio,Noble,14090
Ohio,Ottawa,40260
Ohio,Paulding,18804
Ohio,Perry,35439
Ohio,Pickaway,58628
Ohio,Pike,27050
Ohio,Portage,161775
Ohio,Preble,40964
Ohio,Putnam,34380
Ohio,Richland,124840
Ohio,Ross,76985
Ohio,Sandusky,58832
Ohio,Scioto,73720
Ohio,Seneca,54990
Ohio,Shelby,48119
Ohio,Stark,374357
Ohio,Summit,539530
Ohio,Trumbull,201405
Ohio,Tuscarawas,93063
Ohio,Union,63077
Ohio,Van Wert,28878
Ohio,Vinton,12784
Ohio,Warren,243004
Ohio,Washington,59613
Ohio,Wayne,116840
Ohio,Williams,37025
Ohio,Wood,132212
Ohio,Wyandot,21854
Oklahoma,Adair,19415
Oklahoma,Alfalfa,5713
Oklahoma,Atoka,14174
Oklahoma,Beaver,5012
Oklahoma,Beckham,22302
Oklahoma,Blaine,8711
Oklahoma,Bryan,46293
Oklahoma,Caddo,26858
Oklahoma,Canadian,155507
Oklahoma,Carter,48003
Oklahoma,Cherokee,47081
Oklahoma,Choctaw,14196
Oklahoma,Cimarron,2290
Oklahoma,Cleveland,296019
Oklahoma,Coal,5279
Oklahoma,Comanche,121129
Oklahoma,Cotton,5543
Oklahoma,Craig,14146
Oklahoma,Creek,71776
Oklahoma,Custer,28423
Oklahoma,Delaware,40400
Oklahoma,Dewey,4466
Oklahoma,Ellis,3745
Oklahoma,Garfield,62629
Oklahoma,Garvin,25627
Oklahoma,Grady,54805
Oklahoma,Grant,4168
Oklahoma,Greer,5488
Oklahoma,Harmon,2465
Oklahoma,Harper,3255
Oklahoma,Haskell,11549
Oklahoma,Hughes,13334
Oklahoma,Jackson,24731
Oklahoma,Jefferson,5326
Oklahoma,Johnston,10222
Oklahoma,Kay,43541
Oklahoma,Kingfisher,15151
Oklahoma,Kiowa,8487
Oklahoma,Latimer,9461
Oklahoma,Le Flore,48131
Oklahoma,Lincoln,33469
Oklahoma,Logan,49726
Oklahoma,Love,10143
Oklahoma,McClain,41887
Oklahoma,McCurtain,30786
Oklahoma,McIntosh,18946
Oklahoma,Major,7750
Oklahoma,Marshall,15342
Oklahoma,Mayes,39066
Oklahoma,Murray,13869
Oklahoma,Muskogee,66160
Oklahoma,Noble,10900
Oklahoma,Nowata,9296
Oklahoma,Okfuskee,11238
Oklahoma,Okmulgee,36679
Oklahoma,Osage,45741
Oklahoma,Ottawa,30209
Oklahoma,Pawnee,15544
Oklahoma,Payne,81592
Oklahoma,Pittsburg,43727
Oklahoma,Pontotoc,38077
Oklahoma,Pottawatomie,72441
Oklahoma,Pushmataha,10797
Oklahoma,Roger Mills,3427
Oklahoma,Rogers,95315
Oklahoma,Seminole,23508
Oklahoma,Sequoyah,39255
Oklahoma,Stephens,42753
Oklahoma,Texas,21283
Oklahoma,Tillman,6956
Oklahoma,Tulsa,670157
Oklahoma,Wagoner,81377
Oklahoma,Washington,52593
Oklahoma,Washita,10903
Oklahoma,Woods,8587
Oklahoma,Woodward,20385
Oregon,Baker,16689
Oregon,Benton,95167
Oregon,Clackamas,422160
Oregon,Clatsop,41089
Oregon,Columbia,52631
Oregon,Coos,64887
Oregon,Crook,24923
Oregon,Curry,23503
Oregon,Deschutes,199355
Oregon,Douglas,111235
Oregon,Gilliam,2016
Oregon,Grant,7223
Oregon,Harney,7491
Oregon,Hood River,23943
Oregon,Jackson,223394
Oregon,Jefferson,24518
Oregon,Josephine,88105
Oregon,Klamath,69504
Oregon,Lake,8149
Oregon,Lane,382940
Oregon,Lincoln,50472
Oregon,Linn,128936
Oregon,Malheur,31608
Oregon,Marion,346202
Oregon,Morrow,12191
Oregon,Multnomah,815871
Oregon,Polk,87863
Oregon,Sherman,1872
Oregon,Tillamook,27471
Oregon,Umatilla,80011
Oregon,Union,26149
Oregon,Wallowa,7387
Oregon,Wasco,26611
Oregon,Washington,600689
Oregon,Wheeler,1457
Oregon,Yamhill,107832
Pennsylvania,Adams,103795
Pennsylvania,Allegheny,1248717
Pennsylvania,Armstrong,65445
Pennsylvania,Beaver,167732
Pennsylvania,Bedford,47523
Pennsylvania,Berks,428694
Pennsylvania,Blair,122518
Pennsylvania,Bradford,59858
Pennsylvania,Bucks,646008
Pennsylvania,Butler,193851
Pennsylvania,Cambria,132957
Pennsylvania,Cameron,4519
Pennsylvania,Carbon,64751
Pennsylvania,Centre,157929
Pennsylvania,Chester,534645
Pennsylvania,Clarion,37178
Pennsylvania,Clearfield,80394
Pennsylvania,Clinton,37350
Pennsylvania,Columbia,64667
Pennsylvania,Crawford,83723
Pennsylvania,Cumberland,259996
Pennsylvania,Dauphin,286544
Pennsylvania,Delaware,576388
Pennsylvania,Elk,30927
Pennsylvania,Erie,270427
Pennsylvania,Fayette,128393
Pennsylvania,Forest,6952
Pennsylvania,Franklin,155874
Pennsylvania,Fulton,14549
Pennsylvania,Greene,35813
Pennsylvania,Huntingdon,44030
Pennsylvania,Indiana,83116
Pennsylvania,Jefferson,44431
Pennsylvania,Juniata,23451
Pennsylvania,Lackawanna,215516
Pennsylvania,Lancaster,552597
Pennsylvania,Lawrence,85865
Pennsylvania,Lebanon,143242
Pennsylvania,Lehigh,374504
Pennsylvania,Luzerne,325057
Pennsylvania,Lycoming,113980
Pennsylvania,McKean,40306
Pennsylvania,Mercer,110333
Pennsylvania,Mifflin,46073
Pennsylvania,Monroe,168248
Pennsylvania,Montgomery,856947
Pennsylvania,Montour,18115
Pennsylvania,Northampton,312855
Pennsylvania,Northumberland,91471
Pennsylvania,Perry,45821
Pennsylvania,Philadelphia,1601005
Pennsylvania,Pike,58591
Pennsylvania,Potter,16356
Pennsylvania,Schuylkill,142777
Pennsylvania,Snyder,39717
Pennsylvania,Somerset,73917
Pennsylvania,Sullivan,5838
Pennsylvania,Susquehanna,38354
Pennsylvania,Tioga,40969
Pennsylvania,Union,42625
Pennsylvania,Venango,50275
Pennsylvania,Warren,38480
Pennsylvania,Washington,209157
Pennsylvania,Wayne,51101
Pennsylvania,Westmoreland,353998
Pennsylvania,Wyoming,26001
Pennsylvania,York,456389
Rhode Island,Bristol,50750
Rhode Island,Kent,170323
Rhode Island,Newport,85388
Rhode Island,Providence,660015
Rhode Island,Washington,129753
South Carolina,Abbeville,24212
South Carolina,Aiken,169032
South Carolina,Allendale,7990
South Carolina,Anderson,204032
South Carolina,Bamberg,13251
South Carolina,Barnwell,20567
South Carolina,Beaufort,187691
South Carolina,Berkeley,231568
South Carolina,Calhoun,14125
South Carolina,Charleston,409418
South Carolina,Cherokee,56179
South Carolina,Chester,32276
South Carolina,Chesterfield,43258
South Carolina,Clarendon,31093
South Carolina,Colleton,38543
South Carolina,Darlington,62833
South Carolina,Dillon,28284
South Carolina,Dorchester,161975
South Carolina,Edgefield,25675
South Carolina,Fairfield,20858
South Carolina,Florence,136805
South Carolina,Georgetown,63440
South Carolina,Greenville,526980
South Carolina,Greenwood,69380
South Carolina,Hampton,18512
South Carolina,Horry,353498
South Carolina,Jasper,29073
South Carolina,Kershaw,65536
South Carolina,Lancaster,96652
South Carolina,Laurens,67551
South Carolina,Lee,16458
South Carolina,Lexington,294891
South Carolina,McCormick,9513
South Carolina,Marion,29043
South Carolina,Marlboro,26537
South Carolina,Newberry,37715
South Carolina,Oconee,78638
South Carolina,Orangeburg,83958
South Carolina,Pickens,131602
South Carolina,Richland,416527
South Carolina,Saluda,18830
South Carolina,Spartanburg,329364
South Carolina,Sumter,105417
South Carolina,Union,27148
South Carolina,Williamsburg,30902
South Carolina,York,283899
South Dakota,Aurora,2733
South Dakota,Beadle,19146
South Dakota,Bennett,3386
South Dakota,Bon Homme,6979
South Dakota,Brookings,34339
South Dakota,Brown,38210
South Dakota,Brule,5263
South Dakota,Buffalo,1944
South Dakota,Butte,10249
South Dakota,Campbell,1374
South Dakota,Charles Mix,9351
South Dakota,Clark,3850
South Dakota,Clay,14998
South Dakota,Codington,28309
South Dakota,Corson,3893
South Dakota,Custer,8328
South Dakota,Davison,19936
South Dakota,Day,5425
South Dakota,Deuel,4299
South Dakota,Dewey,5226
South Dakota,Douglas,2824
South Dakota,Edmunds,3977
South Dakota,Fall River,6964
South Dakota,Faulk,2128
South Dakota,Grant,7532
South Dakota,Gregory,3994
South Dakota,Haakon,1869
South Dakota,Hamlin,6167
South Dakota,Hand,3130
South Dakota,Hanson,3461
South Dakota,Harding,1317
South Dakota,Hughes,17704
South Dakota,Hutchinson,7411
South Dakota,Hyde,1258
South Dakota,Jackson,2810
South Dakota,Jerauld,1657
South Dakota,Jones,925
South Dakota,Kingsbury,5211
South Dakota,Lake,11010
South Dakota,Lawrence,25812
South Dakota,Lincoln,65613
South Dakota,Lyman,3714
South Dakota,McCook,5661
South Dakota,McPherson,2397
South Dakota,Marshall,4300
South Dakota,Meade,29853
South Dakota,Mellette,1916
South Dakota,Miner,2294
South Dakota,Minnehaha,197511
South Dakota,Moody,6324
South Dakota,Oglala Lakota,13672
South Dakota,Pennington,109475
South Dakota,Perkins,2824
South Dakota,Potter,2471
South Dakota,Roberts,10257
South Dakota,Sanborn,2318
South Dakota,Spink,6338
South Dakota,Stanley,2976
South Dakota,Sully,1446
South Dakota,Todd,9319
South Dakota,Tripp,5601
South Dakota,Turner,8673
South Dakota,Union,16832
South Dakota,Walworth,5289
South Dakota,Yankton,23238
South Dakota,Ziebach,2388
Tennessee,Anderson,77209
Tennessee,Bedford,50302
Tennessee,Benton,15812
Tennessee,Bledsoe,14930
Tennessee,Blount,135566
Tennessee,Bradley,108741
Tennessee,Campbell,39277
Tennessee,Cannon,14547
Tennessee,Carroll,28415
Tennessee,Carter,56315
Tennessee,Cheatham,41087
Tennessee,Chester,17347
Tennessee,Claiborne,32038
Tennessee,Clay,7554
Tennessee,Cocke,36022
Tennessee,Coffee,58102
Tennessee,Crockett,13884
Tennessee,Cumberland,61272
Tennessee,Davidson,715486
Tennessee,Decatur,11402
Tennessee,DeKalb,20171
Tennessee,Dickson,54432
Tennessee,Dyer,36646
Tennessee,Fayette,42139
Tennessee,Fentress,18522
Tennessee,Franklin,42781
Tennessee,Gibson,50375
Tennessee,Giles,30295
Tennessee,Grainger,23525
Tennessee,Greene,70220
Tennessee,Grundy,13531
Tennessee,Hamblen,64435
Tennessee,Hamilton,366991
Tennessee,Hancock,6622
Tennessee,Hardeman,25410
Tennessee,Hardin,26800
Tennessee,Hawkins,56669
Tennessee,Haywood,17795
Tennessee,Henderson,27818
Tennessee,Henry,32115
Tennessee,Hickman,24942
Tennessee,Houston,8285
Tennessee,Humphreys,18974
Tennessee,Jackson,11617
Tennessee,Jefferson,54870
Tennessee,Johnson,17966
Tennessee,Knox,480126
Tennessee,Lake,6980
Tennessee,Lauderdale,25100
Tennessee,Lawrence,44189
Tennessee,Lewis,12602
Tennessee,Lincoln,35309
Tennessee,Loudon,55097
Tennessee,McMinn,53315
Tennessee,McNairy,25839
Tennessee,Macon,25243
Tennessee,Madison,98777
Tennessee,Marion,28834
Tennessee,Marshall,34441
Tennessee,Maury,101700
Tennessee,Meigs,12785
Tennessee,Monroe,46384
Tennessee,Montgomery,221160
Tennessee,Moore,6457
Tennessee,Morgan,21020
Tennessee,Obion,30716
Tennessee,Overton,22588
Tennessee,Perry,8360
Tennessee,Pickett,4995
Tennessee,Polk,17569
Tennessee,Putnam,79982
Tennessee,Rhea,32903
Tennessee,Roane,53513
Tennessee,Robertson,72860
Tennessee,Rutherford,343128
Tennessee,Scott,21842
Tennessee,Sequatchie,15863
Tennessee,Sevier,98497
Tennessee,Shelby,928644
Tennessee,Smith,19939
Tennessee,Stewart,13683
Tennessee,Sullivan,158092
Tennessee,Sumner,197272
Tennessee,Tipton,60961
Tennessee,Trousdale,11661
Tennessee,Unicoi,17867
Tennessee,Union,19820
Tennessee,Van Buren,6171
Tennessee,Warren,41023
Tennessee,Washington,133080
Tennessee,Wayne,16202
Tennessee,Weakley,32864
Tennessee,White,27424
Tennessee,Williamson,249424
Tennessee,Wilson,148564
Texas,Anderson,57881
Texas,Andrews,18612
Texas,Angelina,86345
Texas,Aransas,23916
Texas,Archer,8557
Texas,Armstrong,1847
Texas,Atascosa,49089
Texas,Austin,30109
Texas,Bailey,6859
Texas,Bandera,20987
Texas,Bastrop,97983
Texas,Baylor,3464
Texas,Bee,30990
Texas,Bell,371981
Texas,Bexar,2014052
Texas,Blanco,11454
Texas,Borden,641
Texas,Bosque,18239
Texas,Bowie,92792
Texas,Brazoria,373368
Texas,Brazos,234480
Texas,Brewster,9566
Texas,Briscoe,1421
Texas,Brooks,7030
Texas,Brown,38002
Texas,Burleson,17644
Texas,Burnet,49427
Texas,Caldwell,45967
Texas,Calhoun,20047
Texas,Callahan,13750
Texas,Cameron,421191
Texas,Camp,12450
Texas,Carson,5808
Texas,Cass,28399
Texas,Castro,7337
Texas,Chambers,47051
Texas,Cherokee,50477
Texas,Childress,6648
Texas,Clay,10245
Texas,Cochran,2559
Texas,Coke,3288
Texas,Coleman,7671
Texas,Collin,1073149
Texas,Collingsworth,2635
Texas,Colorado,20566
Texas,Comal,163573
Texas,Comanche,13600
Texas,Concho,3319
Texas,Cooke,41697
Texas,Coryell,83096
Texas,Cottle,1374
Texas,Crane,4668
Texas,Crockett,3111
Texas,Crosby,5098
Texas,Culberson,2193
Texas,Dallam,7116
Texas,Dallas,2610957
Texas,Dawson,12439
Texas,Deaf Smith,18503
Texas,Delta,5233
Texas,Denton,913900
Texas,DeWitt,19809
Texas,Dickens,1760
Texas,Dimmit,8563
Texas,Donley,3269
Texas,Duval,9808
Texas,Eastland,17754
Texas,Ector,165467
Texas,Edwards,1414
Texas,Ellis,194272
Texas,El Paso,866093
Texas,Erath,42715
Texas,Falls,16961
Texas,Fannin,35732
Texas,Fayette,24452
Texas,Fisher,3677
Texas,Floyd,5378
Texas,Foard,1086
Texas,Fort Bend,828632
Texas,Franklin,10366
Texas,Freestone,19445
Texas,Frio,18366
Texas,Gaines,21701
Texas,Galveston,351458
Texas,Garza,5794
Texas,Gillespie,26732
Texas,Glasscock,1114
Texas,Goliad,7005
Texas,Gonzales,19653
Texas,Gray,21179
Texas,Grayson,136014
Texas,Gregg,124175
Texas,Grimes,29414
Texas,Guadalupe,173541
Texas,Hale,32439
Texas,Hall,2801
Texas,Hamilton,8230
Texas,Hansford,5255
Texas,Hardeman,3559
Texas,Hardin,56277
Texas,Harris,4732491
Texas,Harrison,68778
Texas,Hartley,5362
Texas,Haskell,5424
Texas,Hays,243809
Texas,Hemphill,3368
Texas,Henderson,82348
Texas,Hidalgo,872204
Texas,Hill,35965
Texas,Hockley,21490
Texas,Hood,61953
Texas,Hopkins,36795
Texas,Houston,22068
Texas,Howard,34797
Texas,Hudspeth,3196
Texas,Hunt,100231
Texas,Hutchinson,20539
Texas,Irion,1522
Texas,Jack,8492
Texas,Jackson,15000
Texas,Jasper,32900
Texas,Jeff Davis,1978
Texas,Jefferson,255979
Texas,Jim Hogg,4839
Texas,Jim Wells,38813
Texas,Johnson,180733
Texas,Jones,19676
Texas,Karnes,14721
Texas,Kaufman,146986
Texas,Kendall,44527
Texas,Kenedy,346
Texas,Kent,759
Texas,Kerr,52676
Texas,Kimble,4289
Texas,King,270
Texas,Kinney,3127
Texas,Kleberg,30958
Texas,Knox,3361
Texas,Lamar,50077
Texas,Lamb,12984
Texas,Lampasas,21707
Texas,La Salle,6642
Texas,Lavaca,20338
Texas,Lee,17499
Texas,Leon,15727
Texas,Liberty,92351
Texas,Limestone,22103
Texas,Lipscomb,3042
Texas,Live Oak,11343
Texas,Llano,21249
Texas,Loving,67
Texas,Lubbock,311419
Texas,Lynn,5606
Texas,McCulloch,7567
Texas,McLennan,261023
Texas,McMullen,599
Texas,Madison,13445
Texas,Marion,9752
Texas,Martin,5250
Texas,Mason,3964
Texas,Matagorda,36269
Texas,Maverick,57844
Texas,Medina,50920
Texas,Menard,1971
Texas,Midland,170221
Texas,Milam,24724
Texas,Mills,4439
Texas,Mitchell,8985
Texas,Montague,19969
Texas,Montgomery,624938
Texas,Moore,21273
Texas,Morris,11963
Texas,Motley,1052
Texas,Nacogdoches,64624
Texas,Navarro,52784
Texas,Newton,12163
Texas,Nolan,14721
Texas,Nueces,353090
Texas,Ochiltree,9960
Texas,Oldham,1761
Texas,Orange,84702
Texas,Palo Pinto,28427
Texas,Panola,22513
Texas,Parker,149432
Texas,Parmer,9851
Texas,Pecos,15165
Texas,Polk,50505
Texas,Potter,118173
Texas,Presidio,6102
Texas,Rains,12199
Texas,Randall,141231
Texas,Reagan,3376
Texas,Real,2743
Texas,Red River,11550
Texas,Reeves,14730
Texas,Refugio,6747
Texas,Roberts,823
Texas,Robertson,16740
Texas,Rockwall,109090
Texas,Runnels,9921
Texas,Rusk,52225
Texas,Sabine,9881
Texas,San Augustine,7919
Texas,San Jacinto,27483
Texas,San Patricio,68772
Texas,San Saba,5730
Texas,Schleicher,2442
Texas,Scurry,16931
Texas,Shackelford,3122
Texas,Shelby,23926
Texas,Sherman,2780
Texas,Smith,234063
Texas,Somervell,9214
Texas,Starr,65835
Texas,Stephens,9079
Texas,Sterling,1383
Texas,Stonewall,1245
Texas,Sutton,3362
Texas,Swisher,6957
Texas,Tarrant,2114709
Texas,Taylor,143383
Texas,Terrell,744
Texas,Terry,11792
Texas,Throckmorton,1443
Texas,Titus,31264
Texas,Tom Green,120105
Texas,Travis,1296100
Texas,Trinity,13623
Texas,Tyler,19797
Texas,Upshur,40975
Texas,Upton,3296
Texas,Uvalde,24540
Texas,Val Verde,47582
Texas,Van Zandt,59690
Texas,Victoria,91236
Texas,Walker,76543
Texas,Waller,57349
Texas,Ward,11656
Texas,Washington,35837
Texas,Webb,267234
Texas,Wharton,41550
Texas,Wheeler,4980
Texas,Wichita,129546
Texas,Wilbarger,12846
Texas,Willacy,20129
Texas,Williamson,615266
Texas,Wilson,49994
Texas,Winkler,7749
Texas,Wise,68866
Texas,Wood,45010
Texas,Yoakum,7669
Texas,Young,17839
Texas,Zapata,13884
Texas,Zavala,9652
Utah,Beaver,7076
Utah,Box Elder,57908
Utah,Cache,133527
Utah,Carbon,20465
Utah,Daggett,952
Utah,Davis,363492
Utah,Duchesne,19581
Utah,Emery,9837
Utah,Garfield,5090
Utah,Grand,9681
Utah,Iron,57640
Utah,Juab,11824
Utah,Kane,7673
Utah,Millard,13015
Utah,Morgan,12392
Utah,Piute,1437
Utah,Rich,2504
Utah,Salt Lake,1186236
Utah,San Juan,14525
Utah,Sanpete,28508
Utah,Sevier,21546
Utah,Summit,42452
Utah,Tooele,73281
Utah,Uintah,35618
Utah,Wasatch,35032
Utah,Washington,181924
Utah,Wayne,2497
Utah,Weber,262828
Vermont,Addison,37292
Vermont,Bennington,37271
Vermont,Caledonia,30184
Vermont,Chittenden,168289
Vermont,Essex,5910
Vermont,Franklin,49996
Vermont,Grand Isle,7278
Vermont,Lamoille,25914
Vermont,Orange,29259
Vermont,Orleans,27355
Vermont,Rutland,60455
Vermont,Washington,59748
Vermont,Windham,45844
Vermont,Windsor,57700
Virginia,Accomack,33348
Virginia,Albemarle,112496
Virginia,Alleghany,15161
Virginia,Amelia,13246
Virginia,Amherst,31262
Virginia,Appomattox,16133
Virginia,Arlington,238766
Virginia,Augusta,77512
Virginia,Bath,4196
Virginia,Bedford,79504
Virginia,Bland,6247
Virginia,Botetourt,33614
Virginia,Brunswick,15806
Virginia,Buchanan,20216
Virginia,Buckingham,16820
Virginia,Campbell,55638
Virginia,Caroline,30905
Virginia,Carroll,29130
Virginia,Charles City,6733
Virginia,Charlotte,11506
Virginia,Chesterfield,365566
Virginia,Clarke,14788
Virginia,Craig,4880
Virginia,Culpeper,52717
Virginia,Cumberland,9656
Virginia,Dickenson,14045
Virginia,Dinwiddie,27900
Virginia,Essex,10591
Virginia,Fairfax,1148472
Virginia,Fauquier,72938
Virginia,Floyd,15474
Virginia,Fluvanna,27280
Virginia,Franklin,54469
Virginia,Frederick,91766
Virginia,Giles,16754
Virginia,Gloucester,38688
Virginia,Goochland,24828
Virginia,Grayson,15300
Virginia,Greene,20591
Virginia,Greensville,11393
Virginia,Halifax,33901
Virginia,Hanover,110102
Virginia,Henrico,334298
Virginia,Henry,50782
Virginia,Highland,2236
Virginia,Isle of Wight,38658
Virginia,James City,78412
Virginia,King and Queen,6590
Virginia,King George,26806
Virginia,King William,17905
Virginia,Lancaster,10910
Virginia,Lee,22084
Virginia,Loudoun,422597
Virginia,Louisa,37757
Virginia,Lunenburg,11930
Virginia,Madison,13837
Virginia,Mathews,8524
Virginia,Mecklenburg,30287
Virginia,Middlesex,10623
Virginia,Montgomery,99508
Virginia,Nelson,14732
Virginia,New Kent,23086
Virginia,Northampton,12232
Virginia,Northumberland,11839
Virginia,Nottoway,15614
Virginia,Orange,36396
Virginia,Page,23693
Virginia,Patrick,17560
Virginia,Pittsylvania,60312
Virginia,Powhatan,30433
Virginia,Prince Edward,21853
Virginia,Prince George,43023
Virginia,Prince William,482738
Virginia,Pulaski,33760
Virginia,Rappahannock,7312
Virginia,Richmond,8920
Virginia,Roanoke,96845
Virginia,Rockbridge,22610
Virginia,Rockingham,83758
Virginia,Russell,25726
Virginia,Scott,21547
Virginia,Shenandoah,44255
Virginia,Smyth,29730
Virginia,Southampton,17949
Virginia,Spotsylvania,140475
Virginia,Stafford,157604
Virginia,Surry,6546
Virginia,Sussex,10768
Virginia,Tazewell,40343
Virginia,Warren,40782
Virginia,Washington,53839
Virginia,Westmoreland,18496
Virginia,Wise,36018
Virginia,Wythe,28274
Virginia,York,70154
Virginia,Alexandria city,159097
Virginia,Bristol city,17259
Virginia,Buena Vista city,6620
Virginia,Charlottesville city,46423
Virginia,Chesapeake city,249679
Virginia,Colonial Heights city,18191
Virginia,Covington city,5721
Virginia,Danville city,42465
Virginia,Emporia city,5716
Virginia,Fairfax city,24129
Virginia,Falls Church city,14654
Virginia,Franklin city,8171
Virginia,Fredericksburg city,27995
Virginia,Galax city,6691
Virginia,Hampton city,137131
Virginia,Harrisonburg city,51675
Virginia,Hopewell city,22967
Virginia,Lexington city,7313
Virginia,Lynchburg city,78871
Virginia,Manassas city,42728
Virginia,Manassas Park city,17140
Virginia,Martinsville city,13422
Virginia,Newport News city,185916
Virginia,Norfolk city,237591
Virginia,Norton city,3679
Virginia,Petersburg city,33428
Virginia,Poquoson city,12455
Virginia,Portsmouth city,98015
Virginia,Radford city,16089
Virginia,Richmond city,226670
Virginia,Roanoke city,99875
Virginia,Salem city,25374
Virginia,Staunton city,25800
Virginia,Suffolk city,94685
Virginia,Virginia Beach city,459373
Virginia,Waynesboro city,22279
Virginia,Williamsburg city,15445
Virginia,Winchester city,28008
Washington,Adams,20605
Washington,Asotin,22290
Washington,Benton,207230
Washington,Chelan,79185
Washington,Clallam,77280
Washington,Clark,505013
Washington,Columbia,3949
Washington,Cowlitz,110924
Washington,Douglas,42998
Washington,Ferry,7178
Washington,Franklin,97076
Washington,Garfield,2292
Washington,Grant,99365
Washington,Grays Harbor,75811
Washington,Island,86948
Washington,Jefferson,33048
Washington,King,2272571
Washington,Kitsap,275660
Washington,Kittitas,44589
Washington,Klickitat,22783
Washington,Lewis,82474
Washington,Lincoln,10920
Washington,Mason,66028
Washington,Okanogan,42118
Washington,Pacific,23470
Washington,Pend Oreille,13482
Washington,Pierce,922828
Washington,San Juan,17818
Washington,Skagit,129852
Washington,Skamania,12034
Washington,Snohomish,829331
Washington,Spokane,540700
Washington,Stevens,46566
Washington,Thurston,295729
Washington,Wahkiakum,4443
Washington,Walla Walla,62574
Washington,Whatcom,227304
Washington,Whitman,47786
Washington,Yakima,256533
West Virginia,Barbour,15440
West Virginia,Berkeley,122654
West Virginia,Boone,21714
West Virginia,Braxton,12386
West Virginia,Brooke,22469
West Virginia,Cabell,94137
West Virginia,Calhoun,6199
West Virginia,Clay,8006
West Virginia,Doddridge,7786
West Virginia,Fayette,40358
West Virginia,Gilmer,7378
West Virginia,Grant,10954
West Virginia,Greenbrier,32866
West Virginia,Hampshire,23067
West Virginia,Hancock,29019
West Virginia,Hardy,14240
West Virginia,Harrison,65771
West Virginia,Jackson,27735
West Virginia,Jefferson,57732
West Virginia,Kanawha,180048
West Virginia,Lewis,17009
West Virginia,Lincoln,20337
West Virginia,Logan,32473
West Virginia,McDowell,18916
West Virginia,Marion,56157
West Virginia,Marshall,30444
West Virginia,Mason,25356
West Virginia,Mercer,59462
West Virginia,Mineral,26877
West Virginia,Mingo,23455
West Virginia,Monongalia,105916
West Virginia,Monroe,12330
West Virginia,Morgan,17037
West Virginia,Nicholas,24523
West Virginia,Ohio,42264
West Virginia,Pendleton,6134
West Virginia,Pleasants,7649
West Virginia,Pocahontas,7847
West Virginia,Preston,34176
West Virginia,Putnam,57399
West Virginia,Raleigh,74349
West Virginia,Randolph,27852
West Virginia,Ritchie,8424
West Virginia,Roane,13977
West Virginia,Summers,11915
West Virginia,Taylor,16701
West Virginia,Tucker,6752
West Virginia,Tyler,8279
West Virginia,Upshur,23783
West Virginia,Wayne,38830
West Virginia,Webster,8329
West Virginia,Wetzel,14382
West Virginia,Wirt,5183
West Virginia,Wood,83996
West Virginia,Wyoming,21326
Wisconsin,Adams,20673
Wisconsin,Ashland,15977
Wisconsin,Barron,46643
Wisconsin,Bayfield,16229
Wisconsin,Brown,268741
Wisconsin,Buffalo,13320
Wisconsin,Burnett,16588
Wisconsin,Calumet,52476
Wisconsin,Chippewa,66279
Wisconsin,Clark,34628
Wisconsin,Columbia,58510
Wisconsin,Crawford,16086
Wisconsin,Dane,562306
Wisconsin,Dodge,89262
Wisconsin,Door,30102
Wisconsin,Douglas,44275
Wisconsin,Dunn,45440
Wisconsin,Eau Claire,105818
Wisconsin,Florence,4556
Wisconsin,Fond du Lac,104076
Wisconsin,Forest,9160
Wisconsin,Grant,51934
Wisconsin,Green,36992
Wisconsin,Green Lake,18997
Wisconsin,Iowa,23676
Wisconsin,Iron,6128
Wisconsin,Jackson,21102
Wisconsin,Jefferson,84858
Wisconsin,Juneau,26759
Wisconsin,Kenosha,169073
Wisconsin,Kewaunee,20539
Wisconsin,La Crosse,120852
Wisconsin,Lafayette,16605
Wisconsin,Langlade,19438
Wisconsin,Lincoln,28374
Wisconsin,Manitowoc,81250
Wisconsin,Marathon,137954
Wisconsin,Marinette,41869
Wisconsin,Marquette,15584
Wisconsin,Menominee,4255
Wisconsin,Milwaukee,938149
Wisconsin,Monroe,46281
Wisconsin,Oconto,39043
Wisconsin,Oneida,37839
Wisconsin,Outagamie,190832
Wisconsin,Ozaukee,91569
Wisconsin,Pepin,7335
Wisconsin,Pierce,42191
Wisconsin,Polk,45006
Wisconsin,Portage,70378
Wisconsin,Price,14015
Wisconsin,Racine,197440
Wisconsin,Richland,17274
Wisconsin,Rock,163643
Wisconsin,Rusk,14168
Wisconsin,St. Croix,93797
Wisconsin,Sauk,65718
Wisconsin,Sawyer,18107
Wisconsin,Shawano,40838
Wisconsin,Sheboygan,117937
Wisconsin,Taylor,19897
Wisconsin,Trempealeau,30776
Wisconsin,Vernon,30693
Wisconsin,Vilas,23076
Wisconsin,Walworth,106499
Wisconsin,Washburn,16597
Wisconsin,Washington,136732
Wisconsin,Waukesha,407148
Wisconsin,Waupaca,51713
Wisconsin,Waushara,24511
Wisconsin,Winnebago,171646
Wisconsin,Wood,74091
Wyoming,Albany,37079
Wyoming,Big Horn,11467
Wyoming,Campbell,47116
Wyoming,Carbon,14499
Wyoming,Converse,13724
Wyoming,Crook,7178
Wyoming,Fremont,39177
Wyoming,Goshen,12503
Wyoming,Hot Springs,4622
Wyoming,Johnson,8459
Wyoming,Laramie,100690
Wyoming,Lincoln,19674
Wyoming,Natrona,80229
Wyoming,Niobrara,2439
Wyoming,Park,29656
Wyoming,Platte,8623
Wyoming,Sheridan,30996
Wyoming,Sublette,8723
Wyoming,Sweetwater,42158
Wyoming,Teton,23347
Wyoming,Uinta,20441
Wyoming,Washakie,7658
Wyoming,Weston,6809
District of Columbia,District of Columbia,701974
